{
    "loss": 2.8868143558502197,
    "accuracy": 0.7333333492279053
}