{
    "loss": 4.90398645401001,
    "accuracy": 0.46666666865348816
}